Season,Week,GameSlot,Date,AwayTeam,HomeTeam,Quarter,DriveNumber,TeamWithPossession,IsScoringDrive,PlayNumberInDrive,IsScoringPlay,PlayOutcome,PlayStart,PlayTimeFormation,PlayDescription
2026,HALL OF FAME,Thursday,August 6th,CAR,AZ,1st Quarter,1,Carolina Panthers,0,1,0,Kickoff from AZ 35,,Kickoff,— C.Ryland kicks 67 yards from AZ 35 to CAR -2. A.Tyus to CAR 25 for 27 yards (I.Oliver).
2026,HALL OF FAME,Thursday,August 6th,CAR,AZ,1st Quarter,1,Carolina Panthers,0,2,0,6 Yard Pass,1st & 10 at CAR 25,14:54 1st Shotgun,— K.Pickett pass short left to J.Sanders to CAR 31 for 6 yards (D.Taylor-Demerson).
2026,HALL OF FAME,Thursday,August 6th,CAR,AZ,1st Quarter,1,Carolina Panthers,0,3,0,2 Yard Pass,2nd & 4 at CAR 31,14:14 1st Shotgun,— K.Pickett pass short right to J.Sanders to CAR 33 for 2 yards (K.King).
2026,HALL OF FAME,Thursday,August 6th,CAR,AZ,1st Quarter,1,Carolina Panthers,0,4,0,-5 Yard Sack,3rd & 2 at CAR 33,13:35 1st Shotgun,— K.Pickett sacked at CAR 28 for -5 yards (A.Billings).
2026,HALL OF FAME,Thursday,August 6th,CAR,AZ,1st Quarter,1,Carolina Panthers,0,5,0,Punt,4th & 7 at CAR 28,12:57 1st,"— S.Martin punts 56 yards to AZ 16, Center-J.Jansen. X.Weaver to AZ 23 for 7 yards (R.Rochell). FUMBLES (R.Rochell), and recovers at AZ 23."
2026,HALL OF FAME,Thursday,August 6th,CAR,AZ,1st Quarter,2,Arizona Cardinals,0,1,0,4 Yard Pass,1st & 10 at AZ 23,12:45 1st Shotgun,— C.Beck pass short left to K.Yeboah to AZ 27 for 4 yards (T.Wallace; Z.Wheatley).
2026,HALL OF FAME,Thursday,August 6th,CAR,AZ,1st Quarter,2,Arizona Cardinals,0,2,0,3 Yard Run,2nd & 6 at AZ 27,12:14 1st,— Z.Knight right tackle to AZ 30 for 3 yards (W.Lee).
2026,HALL OF FAME,Thursday,August 6th,CAR,AZ,1st Quarter,2,Arizona Cardinals,0,3,0,4 Yard Run,3rd & 3 at AZ 30,11:40 1st Shotgun,— C.Beck scrambles up the middle to AZ 34 for 4 yards (T.Wallace; C.Cherelus).
2026,HALL OF FAME,Thursday,August 6th,CAR,AZ,1st Quarter,2,Arizona Cardinals,0,4,0,3 Yard Run,1st & 10 at AZ 34,11:07 1st,— Z.Knight left guard to AZ 37 for 3 yards (L.Ransom; T.Wallace).
2026,HALL OF FAME,Thursday,August 6th,CAR,AZ,1st Quarter,2,Arizona Cardinals,0,5,0,5 Yard Pass,2nd & 7 at AZ 37,10:38 1st,— C.Beck pass short middle to R.Fairweather to AZ 42 for 5 yards (C.Cherelus).
2026,HALL OF FAME,Thursday,August 6th,CAR,AZ,1st Quarter,2,Arizona Cardinals,0,6,0,Pass Incomplete,3rd & 2 at AZ 42,10:04 1st Shotgun,— C.Beck pass incomplete short right to J.Brooks (W.Lee).
2026,HALL OF FAME,Thursday,August 6th,CAR,AZ,1st Quarter,2,Arizona Cardinals,0,7,0,Punt,4th & 2 at AZ 42,10:01 1st,"— B.Gillikin punts 55 yards to CAR 3, Center-C.Kreiter, out of bounds."
2026,HALL OF FAME,Thursday,August 6th,CAR,AZ,1st Quarter,3,Carolina Panthers,0,1,0,-2 Yard Run,1st & 10 at CAR 3,09:51 1st,— T.Etienne right tackle to CAR 1 for -2 yards (A.Billings). AZ-Z.Carter was injured during the play.
2026,HALL OF FAME,Thursday,August 6th,CAR,AZ,1st Quarter,3,Carolina Panthers,0,2,0,Pass Incomplete,2nd & 12 at CAR 1,09:13 1st Shotgun,— K.Pickett pass incomplete short middle to D.Moore (A.Keys).
2026,HALL OF FAME,Thursday,August 6th,CAR,AZ,1st Quarter,3,Carolina Panthers,0,3,0,Penalty,3rd & 12 at CAR 1,"09:09 1st No Huddle, Shotgun","— PENALTY on CAR-A.Reese, False Start, 0 yards, enforced at CAR 1 - No Play."
2026,HALL OF FAME,Thursday,August 6th,CAR,AZ,1st Quarter,3,Carolina Panthers,0,4,0,31 Yard Penalty,3rd & 12 at CAR 1,09:09 1st Shotgun,"— K.Pickett pass incomplete deep right to B.Tremayne [A.Billings]. PENALTY on AZ-K.Clark, Defensive Pass Interference, 31 yards, enforced at CAR 1 - No Play."
2026,HALL OF FAME,Thursday,August 6th,CAR,AZ,1st Quarter,3,Carolina Panthers,0,5,0,2 Yard Run,1st & 10 at CAR 32,09:03 1st Shotgun,— T.Etienne right guard to CAR 34 for 2 yards (A.Keys; A.Billings).
2026,HALL OF FAME,Thursday,August 6th,CAR,AZ,1st Quarter,3,Carolina Panthers,0,6,0,-1 Yard Pass,2nd & 8 at CAR 34,08:31 1st Shotgun,"— K.Pickett pass short right to T.Etienne pushed ob at CAR 33 for -1 yards (K.Crawford). Penalty on CAR-A.Reese, Offensive Holding, declined."
2026,HALL OF FAME,Thursday,August 6th,CAR,AZ,1st Quarter,3,Carolina Panthers,0,7,0,5 Yard Pass,3rd & 9 at CAR 33,08:07 1st Shotgun,— K.Pickett pass short right to J.Sanders to CAR 38 for 5 yards (K.Clark).
2026,HALL OF FAME,Thursday,August 6th,CAR,AZ,1st Quarter,3,Carolina Panthers,0,8,0,Punt,4th & 4 at CAR 38,07:25 1st,"— S.Martin punts 58 yards to AZ 4, impetus ends at AZ 1, Center-J.Jansen, downed by CAR-J.Reed."
2026,HALL OF FAME,Thursday,August 6th,CAR,AZ,2nd Quarter,1,Arizona Cardinals,1,1,0,-2 Yard Penalty,1st & 10 at AZ 4,07:12 1st,"— PENALTY on AZ-K.Yeboah, False Start, 2 yards, enforced at AZ 4 - No Play."
2026,HALL OF FAME,Thursday,August 6th,CAR,AZ,2nd Quarter,1,Arizona Cardinals,1,2,0,2 Yard Run,1st & 12 at AZ 2,07:12 1st,— Z.Knight right tackle to AZ 4 for 2 yards (L.Ransom; C.Cherelus).
2026,HALL OF FAME,Thursday,August 6th,CAR,AZ,2nd Quarter,1,Arizona Cardinals,1,3,0,3 Yard Run,2nd & 10 at AZ 4,06:35 1st Shotgun,— Z.Knight up the middle to AZ 7 for 3 yards (C.Jackson).
2026,HALL OF FAME,Thursday,August 6th,CAR,AZ,2nd Quarter,1,Arizona Cardinals,1,4,0,35 Yard Pass,3rd & 7 at AZ 7,06:00 1st Shotgun,— C.Beck pass deep right to J.Brooks to AZ 42 for 35 yards (Z.Wheatley).
2026,HALL OF FAME,Thursday,August 6th,CAR,AZ,2nd Quarter,1,Arizona Cardinals,1,5,0,3 Yard Pass,1st & 10 at AZ 42,05:23 1st,— C.Beck pass short left to X.Weaver pushed ob at AZ 45 for 3 yards (A.Evans).
2026,HALL OF FAME,Thursday,August 6th,CAR,AZ,2nd Quarter,1,Arizona Cardinals,1,6,0,11 Yard Run,2nd & 7 at AZ 45,04:57 1st,— Z.Knight left guard to CAR 44 for 11 yards (Z.Wheatley; W.Lee).
2026,HALL OF FAME,Thursday,August 6th,CAR,AZ,2nd Quarter,1,Arizona Cardinals,1,7,0,4 Yard Pass,1st & 10 at CAR 44,04:19 1st,— C.Beck pass short right to J.Geers to CAR 40 for 4 yards (W.Lee).
2026,HALL OF FAME,Thursday,August 6th,CAR,AZ,2nd Quarter,1,Arizona Cardinals,1,8,0,15 Yard Pass,2nd & 6 at CAR 40,03:41 1st,— C.Beck pass short middle to J.Brooks to CAR 25 for 15 yards (A.Evans).
2026,HALL OF FAME,Thursday,August 6th,CAR,AZ,2nd Quarter,1,Arizona Cardinals,1,9,0,3 Yard Run,1st & 10 at CAR 25,03:04 1st,— Z.Knight left tackle to CAR 22 for 3 yards (Z.Wheatley; L.Hunter).
2026,HALL OF FAME,Thursday,August 6th,CAR,AZ,2nd Quarter,1,Arizona Cardinals,1,10,0,6 Yard Pass,2nd & 7 at CAR 22,02:23 1st Shotgun,— C.Beck pass short right to R.Fairweather to CAR 16 for 6 yards (L.Ransom; W.Lee).
2026,HALL OF FAME,Thursday,August 6th,CAR,AZ,2nd Quarter,1,Arizona Cardinals,1,11,0,3 Yard Run,3rd & 1 at CAR 16,01:45 1st,— Z.Knight left tackle to CAR 13 for 3 yards (C.Smith-Wade; A.Evans).
2026,HALL OF FAME,Thursday,August 6th,CAR,AZ,2nd Quarter,1,Arizona Cardinals,1,12,0,4 Yard Run,1st & 10 at CAR 13,01:05 1st,— C.Kiner right tackle to CAR 9 for 4 yards (C.Jackson).
2026,HALL OF FAME,Thursday,August 6th,CAR,AZ,2nd Quarter,1,Arizona Cardinals,1,13,0,8 Yard Pass,2nd & 6 at CAR 9,00:29 1st Shotgun,— C.Beck pass short middle to C.Kiner to CAR 1 for 8 yards (C.Cherelus).
2026,HALL OF FAME,Thursday,August 6th,CAR,AZ,2nd Quarter,1,Arizona Cardinals,1,14,1,Touchdown,1st & 1 at CAR 1,15:00 2nd,"— C.Kiner left tackle for 1 yard, TOUCHDOWN."
2026,HALL OF FAME,Thursday,August 6th,CAR,AZ,2nd Quarter,1,Arizona Cardinals,1,15,1,Extra Point,,14:55 2nd,"— C.Ryland extra point is GOOD, Center-C.Kreiter, Holder-B.Gillikin."
2026,HALL OF FAME,Thursday,August 6th,CAR,AZ,2nd Quarter,2,Carolina Panthers,1,1,0,Kickoff from AZ 35,,Kickoff,— C.Ryland kicks 68 yards from AZ 35 to CAR -3. J.Metchie to CAR 33 for 36 yards (K.Sharar).
2026,HALL OF FAME,Thursday,August 6th,CAR,AZ,2nd Quarter,2,Carolina Panthers,1,2,0,5 Yard Run,1st & 10 at CAR 33,14:49 2nd,— T.Etienne left guard to CAR 38 for 5 yards (B.Ojulari).
2026,HALL OF FAME,Thursday,August 6th,CAR,AZ,2nd Quarter,2,Carolina Panthers,1,3,0,7 Yard Run,2nd & 5 at CAR 38,14:17 2nd Shotgun,— T.Etienne left tackle to CAR 45 for 7 yards (E.Leota; W.Williams).
2026,HALL OF FAME,Thursday,August 6th,CAR,AZ,2nd Quarter,2,Carolina Panthers,1,4,0,19 Yard Pass,1st & 10 at CAR 45,13:41 2nd,— K.Pickett pass short left to J.Metchie to AZ 36 for 19 yards (I.Oliver).
2026,HALL OF FAME,Thursday,August 6th,CAR,AZ,2nd Quarter,2,Carolina Panthers,1,5,0,5 Yard Pass,1st & 10 at AZ 36,"13:07 2nd No Huddle, Shotgun",— K.Pickett pass short left to D.Moore to AZ 31 for 5 yards (A.Keys).
2026,HALL OF FAME,Thursday,August 6th,CAR,AZ,2nd Quarter,2,Carolina Panthers,1,6,0,Pass Incomplete,2nd & 5 at AZ 31,12:32 2nd Shotgun,— K.Pickett pass incomplete deep left to J.Metchie (E.Culp).
2026,HALL OF FAME,Thursday,August 6th,CAR,AZ,2nd Quarter,2,Carolina Panthers,1,7,0,8 Yard Pass,3rd & 5 at AZ 31,12:25 2nd Shotgun,— K.Pickett pass short right to J.Mitchell pushed ob at AZ 23 for 8 yards (W.Williams).
2026,HALL OF FAME,Thursday,August 6th,CAR,AZ,2nd Quarter,2,Carolina Panthers,1,8,0,Pass Incomplete,1st & 10 at AZ 23,11:56 2nd,— K.Pickett pass incomplete deep right to J.Mitchell (A.Keys).
2026,HALL OF FAME,Thursday,August 6th,CAR,AZ,2nd Quarter,2,Carolina Panthers,1,9,0,18 Yard Pass,2nd & 10 at AZ 23,11:49 2nd Shotgun,— K.Pickett pass short right to A.Dillon to AZ 5 for 18 yards (A.Keys; I.Oliver).
2026,HALL OF FAME,Thursday,August 6th,CAR,AZ,2nd Quarter,2,Carolina Panthers,1,10,0,4 Yard Run,1st & 5 at AZ 5,"11:24 2nd No Huddle, Shotgun",— A.Dillon up the middle to AZ 1 for 4 yards (A.Billings; W.Williams).
2026,HALL OF FAME,Thursday,August 6th,CAR,AZ,2nd Quarter,2,Carolina Panthers,1,11,1,Touchdown,2nd & 1 at AZ 1,10:59 2nd No Huddle,"— A.Dillon up the middle for 1 yard, TOUCHDOWN."
2026,HALL OF FAME,Thursday,August 6th,CAR,AZ,2nd Quarter,2,Carolina Panthers,1,12,1,Extra Point,,10:56 2nd,"— R.Fitzgerald extra point is GOOD, Center-J.Jansen, Holder-S.Martin."
2026,HALL OF FAME,Thursday,August 6th,CAR,AZ,2nd Quarter,3,Arizona Cardinals,1,1,0,Kickoff from CAR 35,,Kickoff,"— R.Fitzgerald kicks 42 yards from CAR 35 to AZ 23, short of landing zone. PENALTY on CAR-R.Fitzgerald, Kickoff Short of Landing Zone, placed at AZ 40."
2026,HALL OF FAME,Thursday,August 6th,CAR,AZ,2nd Quarter,3,Arizona Cardinals,1,2,0,49 Yard Pass,1st & 10 at AZ 40,10:56 2nd,"— C.Beck pass deep left to J.Brooks to CAR 11 for 49 yards (L.Ransom). Penalty on CAR-A.Evans, Illegal Contact, declined."
2026,HALL OF FAME,Thursday,August 6th,CAR,AZ,2nd Quarter,3,Arizona Cardinals,1,3,0,6 Yard Run,1st & 10 at CAR 11,10:23 2nd,— Z.Knight left tackle to CAR 5 for 6 yards (Z.Wheatley).
2026,HALL OF FAME,Thursday,August 6th,CAR,AZ,2nd Quarter,3,Arizona Cardinals,1,4,0,Pass Incomplete,2nd & 4 at CAR 5,09:46 2nd,— C.Beck pass incomplete short right.
2026,HALL OF FAME,Thursday,August 6th,CAR,AZ,2nd Quarter,3,Arizona Cardinals,1,5,0,Timeout,,09:42 2nd,— Timeout #1 by AZ at 09:42.
2026,HALL OF FAME,Thursday,August 6th,CAR,AZ,2nd Quarter,3,Arizona Cardinals,1,6,1,Touchdown,3rd & 4 at CAR 5,09:42 2nd Shotgun,"— C.Beck pass short right to S.Fehoko for 5 yards, TOUCHDOWN."
2026,HALL OF FAME,Thursday,August 6th,CAR,AZ,2nd Quarter,3,Arizona Cardinals,1,7,1,Extra Point,,09:38 2nd,"— C.Ryland extra point is GOOD, Center-C.Kreiter, Holder-B.Gillikin."
2026,HALL OF FAME,Thursday,August 6th,CAR,AZ,2nd Quarter,4,Carolina Panthers,1,1,0,Kickoff from AZ 35,,Kickoff,"— C.Ryland kicks 65 yards from AZ 35 to end zone, Touchback to the CAR 35."
2026,HALL OF FAME,Thursday,August 6th,CAR,AZ,2nd Quarter,4,Carolina Panthers,1,2,0,13 Yard Run,1st & 10 at CAR 35,09:38 2nd,— A.Dillon right guard to CAR 48 for 13 yards (I.Oliver; W.Williams).
2026,HALL OF FAME,Thursday,August 6th,CAR,AZ,2nd Quarter,4,Carolina Panthers,1,3,0,Pass Incomplete,1st & 10 at CAR 48,09:05 2nd,— H.King pass incomplete short left to J.Reed.
2026,HALL OF FAME,Thursday,August 6th,CAR,AZ,2nd Quarter,4,Carolina Panthers,1,4,0,13 Yard Pass,2nd & 10 at CAR 48,08:59 2nd Shotgun,— H.King pass short middle to M.Meiga to AZ 39 for 13 yards (K.Clark).
2026,HALL OF FAME,Thursday,August 6th,CAR,AZ,2nd Quarter,4,Carolina Panthers,1,5,0,4 Yard Pass,1st & 10 at AZ 39,"08:32 2nd No Huddle, Shotgun",— H.King pass short right to F.Franks to AZ 35 for 4 yards (O.Pappoe).
2026,HALL OF FAME,Thursday,August 6th,CAR,AZ,2nd Quarter,4,Carolina Panthers,1,6,0,Pass Incomplete,2nd & 6 at AZ 35,07:54 2nd Shotgun,— H.King pass incomplete deep left to M.Meiga.
2026,HALL OF FAME,Thursday,August 6th,CAR,AZ,2nd Quarter,4,Carolina Panthers,1,7,0,8 Yard Pass,3rd & 6 at AZ 35,07:48 2nd Shotgun,— H.King pass short left to J.Metchie to AZ 27 for 8 yards (K.King).
2026,HALL OF FAME,Thursday,August 6th,CAR,AZ,2nd Quarter,4,Carolina Panthers,1,8,0,Pass Incomplete,1st & 10 at AZ 27,07:13 2nd Shotgun,— H.King pass incomplete short middle to E.Cooks (E.Culp).
2026,HALL OF FAME,Thursday,August 6th,CAR,AZ,2nd Quarter,4,Carolina Panthers,1,9,0,8 Yard Run,2nd & 10 at AZ 27,07:09 2nd Shotgun,— H.King scrambles right end to AZ 19 for 8 yards (K.Clark).
2026,HALL OF FAME,Thursday,August 6th,CAR,AZ,2nd Quarter,4,Carolina Panthers,1,10,0,4 Yard Pass,3rd & 2 at AZ 19,06:31 2nd Shotgun,— H.King pass short right to F.Franks ran ob at AZ 15 for 4 yards (I.Oliver).
2026,HALL OF FAME,Thursday,August 6th,CAR,AZ,2nd Quarter,4,Carolina Panthers,1,11,1,Touchdown,1st & 10 at AZ 15,06:00 2nd,"— H.King pass short left to J.Reed for 15 yards, TOUCHDOWN."
2026,HALL OF FAME,Thursday,August 6th,CAR,AZ,2nd Quarter,4,Carolina Panthers,1,12,1,Extra Point,,05:54 2nd,"— R.Fitzgerald extra point is GOOD, Center-J.Jansen, Holder-S.Martin."
2026,HALL OF FAME,Thursday,August 6th,CAR,AZ,2nd Quarter,5,Arizona Cardinals,1,1,0,Kickoff from CAR 35,,Kickoff,— R.Fitzgerald kicks 58 yards from CAR 35 to AZ 7. X.Weaver to AZ 32 for 25 yards (C.Gill; R.Rochell).
2026,HALL OF FAME,Thursday,August 6th,CAR,AZ,2nd Quarter,5,Arizona Cardinals,1,2,0,-5 Yard Penalty,1st & 10 at AZ 32,05:49 2nd Shotgun,"— PENALTY on AZ-J.Fryar, False Start, 5 yards, enforced at AZ 32 - No Play."
2026,HALL OF FAME,Thursday,August 6th,CAR,AZ,2nd Quarter,5,Arizona Cardinals,1,3,0,Pass Incomplete,1st & 15 at AZ 27,05:49 2nd Shotgun,— C.Beck pass incomplete short left to X.Weaver.
2026,HALL OF FAME,Thursday,August 6th,CAR,AZ,2nd Quarter,5,Arizona Cardinals,1,4,0,14 Yard Pass,2nd & 15 at AZ 27,05:46 2nd Shotgun,— C.Beck pass short right to R.Virgil to AZ 41 for 14 yards (C.Thornton).
2026,HALL OF FAME,Thursday,August 6th,CAR,AZ,2nd Quarter,5,Arizona Cardinals,1,5,0,5 Yard Penalty,3rd & 1 at AZ 41,05:02 2nd Shotgun,"— C.Beck pass incomplete deep left to R.Virgil (C.Smith-Wade) [T.Incoom]. PENALTY on CAR-C.Thornton, Defensive Holding, 5 yards, enforced at AZ 41 - No Play. Penalty on CAR-C.Smith-Wade, Illegal Contact, declined."
2026,HALL OF FAME,Thursday,August 6th,CAR,AZ,2nd Quarter,5,Arizona Cardinals,1,6,0,5 Yard Run,1st & 10 at AZ 46,04:56 2nd,— Z.Knight right tackle to CAR 49 for 5 yards (J.Kuwatch; N.Hampton).
2026,HALL OF FAME,Thursday,August 6th,CAR,AZ,2nd Quarter,5,Arizona Cardinals,1,7,0,15 Yard Run,2nd & 5 at CAR 49,04:14 2nd,"— Z.Knight right guard to CAR 34 for 15 yards (Z.Wheatley; C.Smith-Wade). FUMBLES (Z.Wheatley), and recovers at CAR 34."
2026,HALL OF FAME,Thursday,August 6th,CAR,AZ,2nd Quarter,5,Arizona Cardinals,1,8,0,5 Yard Run,1st & 10 at CAR 34,03:25 2nd,— C.Kiner right guard to CAR 29 for 5 yards (E.Garcia; C.Gill).
2026,HALL OF FAME,Thursday,August 6th,CAR,AZ,2nd Quarter,5,Arizona Cardinals,1,9,0,8 Yard Run,2nd & 5 at CAR 29,02:48 2nd,— C.Kiner right tackle to CAR 21 for 8 yards (Z.Wheatley; C.Gill).
2026,HALL OF FAME,Thursday,August 6th,CAR,AZ,2nd Quarter,5,Arizona Cardinals,1,10,0,4 Yard Run,1st & 10 at CAR 21,02:05 2nd,— C.Kiner left end to CAR 17 for 4 yards (J.Kuwatch; A.Evans).
2026,HALL OF FAME,Thursday,August 6th,CAR,AZ,2nd Quarter,5,Arizona Cardinals,1,11,0,2 Yard Run,2nd & 6 at CAR 17,02:00 2nd,— Z.Knight right tackle to CAR 15 for 2 yards (B.Martin-Scott; A.Evans).
2026,HALL OF FAME,Thursday,August 6th,CAR,AZ,2nd Quarter,5,Arizona Cardinals,1,12,0,Timeout,,01:55 2nd,— Timeout #1 by CAR at 01:55.
2026,HALL OF FAME,Thursday,August 6th,CAR,AZ,2nd Quarter,5,Arizona Cardinals,1,13,0,-2 Yard Sack,3rd & 4 at CAR 15,01:55 2nd Shotgun,— C.Beck sacked at CAR 17 for -2 yards (J.Harrison-Hunte).
2026,HALL OF FAME,Thursday,August 6th,CAR,AZ,2nd Quarter,5,Arizona Cardinals,1,14,0,Timeout,,01:50 2nd,— Timeout #2 by CAR at 01:50.
2026,HALL OF FAME,Thursday,August 6th,CAR,AZ,2nd Quarter,5,Arizona Cardinals,1,15,1,Field Goal,4th & 6 at CAR 17,01:50 2nd,"— C.Ryland 35 yard field goal is GOOD, Center-C.Kreiter, Holder-B.Gillikin."
2026,HALL OF FAME,Thursday,August 6th,CAR,AZ,2nd Quarter,6,Carolina Panthers,1,1,0,Kickoff from AZ 35,,Kickoff,"— C.Ryland kicks 65 yards from AZ 35 to end zone, Touchback to the CAR 35."
2026,HALL OF FAME,Thursday,August 6th,CAR,AZ,2nd Quarter,6,Carolina Panthers,1,2,0,Pass Incomplete,1st & 10 at CAR 35,01:46 2nd Shotgun,— H.King pass incomplete short right to J.Metchie.
2026,HALL OF FAME,Thursday,August 6th,CAR,AZ,2nd Quarter,6,Carolina Panthers,1,3,0,15 Yard Pass,2nd & 10 at CAR 35,"01:42 2nd No Huddle, Shotgun",— H.King pass short middle to J.Reed to 50 for 15 yards (W.Williams; I.Oliver).
2026,HALL OF FAME,Thursday,August 6th,CAR,AZ,2nd Quarter,6,Carolina Panthers,1,4,0,11 Yard Pass,1st & 10 at 50,"01:24 2nd No Huddle, Shotgun",— H.King pass short right to J.Metchie ran ob at AZ 39 for 11 yards.
2026,HALL OF FAME,Thursday,August 6th,CAR,AZ,2nd Quarter,6,Carolina Panthers,1,5,0,1 Yard Pass,1st & 10 at AZ 39,"01:17 2nd No Huddle, Shotgun",— H.King pass short right to J.Mitchell to AZ 38 for 1 yard (A.Keys).
2026,HALL OF FAME,Thursday,August 6th,CAR,AZ,2nd Quarter,6,Carolina Panthers,1,6,0,6 Yard Pass,2nd & 9 at AZ 38,"00:57 2nd No Huddle, Shotgun",— H.King pass short right to J.Mitchell pushed ob at AZ 32 for 6 yards (A.Keys).
2026,HALL OF FAME,Thursday,August 6th,CAR,AZ,2nd Quarter,6,Carolina Panthers,1,7,0,17 Yard Pass,3rd & 3 at AZ 32,00:53 2nd Shotgun,— H.King pass short right to Ji.Horn to AZ 15 for 17 yards (B.Martin).
2026,HALL OF FAME,Thursday,August 6th,CAR,AZ,2nd Quarter,6,Carolina Panthers,1,8,0,Pass Incomplete,1st & 10 at AZ 15,"00:27 2nd No Huddle, Shotgun",— H.King pass incomplete short right to J.Metchie.
2026,HALL OF FAME,Thursday,August 6th,CAR,AZ,2nd Quarter,6,Carolina Panthers,1,9,0,Pass Incomplete,2nd & 10 at AZ 15,00:23 2nd Shotgun,— H.King pass incomplete short right to Ji.Horn.
2026,HALL OF FAME,Thursday,August 6th,CAR,AZ,2nd Quarter,6,Carolina Panthers,1,10,0,0 Yard Pass,3rd & 10 at AZ 15,00:18 2nd Shotgun,"— H.King pass short right to Ji.Horn to AZ 15 for no gain (E.Jones) [E.Leota]. Penalty on CAR, Illegal Shift, declined."
2026,HALL OF FAME,Thursday,August 6th,CAR,AZ,2nd Quarter,6,Carolina Panthers,1,11,1,Field Goal,4th & 10 at AZ 15,00:12 2nd,"— R.Fitzgerald 33 yard field goal is GOOD, Center-J.Jansen, Holder-S.Martin."
2026,HALL OF FAME,Thursday,August 6th,CAR,AZ,2nd Quarter,7,Arizona Cardinals,0,1,0,Kickoff from CAR 35,,Kickoff,"— R.Fitzgerald kicks 65 yards from CAR 35 to end zone, Touchback to the AZ 35."
2026,HALL OF FAME,Thursday,August 6th,CAR,AZ,2nd Quarter,7,Arizona Cardinals,0,2,0,-1 Yard Run,1st & 10 at AZ 35,00:08 2nd,— C.Beck kneels to AZ 34 for -1 yards.
2026,HALL OF FAME,Thursday,August 6th,CAR,AZ,3rd Quarter,1,Arizona Cardinals,0,1,0,Kickoff from CAR 35,,Kickoff,"— R.Fitzgerald kicks 65 yards from CAR 35 to landing zone to end zone, Touchback to the AZ 20."
2026,HALL OF FAME,Thursday,August 6th,CAR,AZ,3rd Quarter,1,Arizona Cardinals,0,2,0,9 Yard Pass,1st & 10 at AZ 20,15:00 3rd,— C.Beck pass short right to X.Weaver ran ob at AZ 29 for 9 yards (R.Rochell).
2026,HALL OF FAME,Thursday,August 6th,CAR,AZ,3rd Quarter,1,Arizona Cardinals,0,3,0,4 Yard Run,2nd & 1 at AZ 29,14:34 3rd,— Z.Knight right guard to AZ 33 for 4 yards (T.Incoom).
2026,HALL OF FAME,Thursday,August 6th,CAR,AZ,3rd Quarter,1,Arizona Cardinals,0,4,0,5 Yard Penalty,1st & 10 at AZ 33,13:54 3rd,"— PENALTY on CAR-T.Malone, Encroachment, 5 yards, enforced at AZ 33 - No Play."
2026,HALL OF FAME,Thursday,August 6th,CAR,AZ,3rd Quarter,1,Arizona Cardinals,0,5,0,16 Yard Pass,1st & 5 at AZ 38,13:40 3rd,— C.Beck pass short right to J.Geers pushed ob at CAR 46 for 16 yards (C.Thornton).
2026,HALL OF FAME,Thursday,August 6th,CAR,AZ,3rd Quarter,1,Arizona Cardinals,0,6,0,-5 Yard Penalty,1st & 10 at CAR 46,13:10 3rd,"— PENALTY on AZ-C.Kiner, False Start, 5 yards, enforced at CAR 46 - No Play."
2026,HALL OF FAME,Thursday,August 6th,CAR,AZ,3rd Quarter,1,Arizona Cardinals,0,7,0,5 Yard Run,1st & 15 at AZ 49,12:54 3rd,— C.Kiner left end to CAR 46 for 5 yards (T.Incoom; J.Kuwatch).
2026,HALL OF FAME,Thursday,August 6th,CAR,AZ,3rd Quarter,1,Arizona Cardinals,0,8,0,-10 Yard Penalty,2nd & 10 at CAR 46,12:12 3rd,"— C.Beck pass short right to C.Kiner to CAR 41 for 5 yards (B.Martin-Scott; J.Kuwatch). PENALTY on AZ-Ja.Williams, Offensive Holding, 10 yards, enforced at CAR 46 - No Play."
2026,HALL OF FAME,Thursday,August 6th,CAR,AZ,3rd Quarter,1,Arizona Cardinals,0,9,0,9 Yard Pass,2nd & 20 at AZ 44,11:48 3rd Shotgun,— C.Beck pass short left to R.Virgil to CAR 47 for 9 yards (C.Thornton).
2026,HALL OF FAME,Thursday,August 6th,CAR,AZ,3rd Quarter,1,Arizona Cardinals,0,10,0,6 Yard Pass,3rd & 11 at CAR 47,11:06 3rd Shotgun,— C.Beck pass short right to K.Yeboah to CAR 41 for 6 yards (D.Smith).
2026,HALL OF FAME,Thursday,August 6th,CAR,AZ,3rd Quarter,1,Arizona Cardinals,0,11,0,Pass Incomplete,4th & 5 at CAR 41,10:23 3rd Shotgun,— C.Beck pass incomplete deep left to R.Virgil (I.Simmons).
2026,HALL OF FAME,Thursday,August 6th,CAR,AZ,3rd Quarter,2,Carolina Panthers,0,1,0,-1 Yard Run,1st & 10 at CAR 41,10:15 3rd,— A.Tyus left end to CAR 40 for -1 yards (E.Culp).
2026,HALL OF FAME,Thursday,August 6th,CAR,AZ,3rd Quarter,2,Carolina Panthers,0,2,0,Fumble,2nd & 11 at CAR 40,09:41 3rd Shotgun,"— A.Tyus up the middle to CAR 46 for 6 yards (Q.Newsome). FUMBLES (Q.Newsome), RECOVERED by AZ-I.Oliver at CAR 48."
2026,HALL OF FAME,Thursday,August 6th,CAR,AZ,3rd Quarter,3,Arizona Cardinals,1,1,0,-1 Yard Run,1st & 10 at CAR 48,09:34 3rd,— C.Kiner left end to CAR 49 for -1 yards (E.Garcia).
2026,HALL OF FAME,Thursday,August 6th,CAR,AZ,3rd Quarter,3,Arizona Cardinals,1,2,0,10 Yard Pass,2nd & 11 at CAR 49,09:01 3rd Shotgun,— K.Slovis pass short left to R.Virgil to CAR 39 for 10 yards (R.Rochell).
2026,HALL OF FAME,Thursday,August 6th,CAR,AZ,3rd Quarter,3,Arizona Cardinals,1,3,0,3 Yard Run,3rd & 1 at CAR 39,08:28 3rd,— C.Kiner right guard to CAR 36 for 3 yards (I.Smith).
2026,HALL OF FAME,Thursday,August 6th,CAR,AZ,3rd Quarter,3,Arizona Cardinals,1,4,0,5 Yard Run,1st & 10 at CAR 36,07:59 3rd,— C.Kiner left end to CAR 31 for 5 yards (B.Martin-Scott).
2026,HALL OF FAME,Thursday,August 6th,CAR,AZ,3rd Quarter,3,Arizona Cardinals,1,5,0,19 Yard Pass,2nd & 5 at CAR 31,07:27 3rd,— K.Slovis pass short right to X.Weaver to CAR 12 for 19 yards (B.Martin-Scott; D.Richardson).
2026,HALL OF FAME,Thursday,August 6th,CAR,AZ,3rd Quarter,3,Arizona Cardinals,1,6,0,3 Yard Run,1st & 10 at CAR 12,06:50 3rd,— E.Hull right tackle to CAR 9 for 3 yards (B.Martin-Scott; I.Simmons).
2026,HALL OF FAME,Thursday,August 6th,CAR,AZ,3rd Quarter,3,Arizona Cardinals,1,7,0,-10 Yard Penalty,2nd & 7 at CAR 9,06:16 3rd Shotgun,"— K.Slovis pass incomplete short right to R.Fairweather (I.Simmons). PENALTY on AZ-M.Pryor, Offensive Holding, 10 yards, enforced at CAR 9 - No Play."
2026,HALL OF FAME,Thursday,August 6th,CAR,AZ,3rd Quarter,3,Arizona Cardinals,1,8,0,-10 Yard Sack,2nd & 17 at CAR 19,06:08 3rd Shotgun,— K.Slovis sacked at CAR 29 for -10 yards (N.Hampton).
2026,HALL OF FAME,Thursday,August 6th,CAR,AZ,3rd Quarter,3,Arizona Cardinals,1,9,0,5 Yard Run,3rd & 27 at CAR 29,05:26 3rd Shotgun,— C.Kiner up the middle to CAR 24 for 5 yards (I.Simmons; Z.Wheatley).
2026,HALL OF FAME,Thursday,August 6th,CAR,AZ,3rd Quarter,3,Arizona Cardinals,1,10,1,Field Goal,4th & 22 at CAR 24,04:46 3rd,"— C.Ryland 43 yard field goal is GOOD, Center-C.Kreiter, Holder-B.Gillikin."
2026,HALL OF FAME,Thursday,August 6th,CAR,AZ,4th Quarter,1,Carolina Panthers,1,1,0,Kickoff from AZ 35,,Kickoff,— C.Ryland kicks 63 yards from AZ 35 to CAR 2. Ji.Horn to CAR 27 for 25 yards (B.Ojulari).
2026,HALL OF FAME,Thursday,August 6th,CAR,AZ,4th Quarter,1,Carolina Panthers,1,2,0,3 Yard Run,1st & 10 at CAR 27,04:37 3rd,— A.Tyus up the middle to CAR 30 for 3 yards (A.Keys; K.Sharar).
2026,HALL OF FAME,Thursday,August 6th,CAR,AZ,4th Quarter,1,Carolina Panthers,1,3,0,2 Yard Run,2nd & 7 at CAR 30,04:00 3rd Shotgun,— A.Tyus left guard to CAR 32 for 2 yards (C.Horsley; B.Martin).
2026,HALL OF FAME,Thursday,August 6th,CAR,AZ,4th Quarter,1,Carolina Panthers,1,4,0,-10 Yard Penalty,3rd & 5 at CAR 32,03:14 3rd Shotgun,"— H.King scrambles left end to CAR 38 for 6 yards (K.Sharar). PENALTY on CAR-J.Carter, Offensive Holding, 10 yards, enforced at CAR 32 - No Play."
2026,HALL OF FAME,Thursday,August 6th,CAR,AZ,4th Quarter,1,Carolina Panthers,1,5,0,30 Yard Pass,3rd & 15 at CAR 22,02:57 3rd Shotgun,"— H.King pass short right to Ji.Horn pushed ob at CAR 37 for 15 yards (E.Culp). PENALTY on AZ-E.Culp, Unnecessary Roughness, 15 yards, enforced at CAR 37."
2026,HALL OF FAME,Thursday,August 6th,CAR,AZ,4th Quarter,1,Carolina Panthers,1,6,0,7 Yard Run,1st & 10 at AZ 48,02:35 3rd,— A.Tyus left end pushed ob at AZ 41 for 7 yards (E.Jones).
2026,HALL OF FAME,Thursday,August 6th,CAR,AZ,4th Quarter,1,Carolina Panthers,1,7,0,7 Yard Pass,2nd & 3 at AZ 41,02:03 3rd,— H.King pass short left to C.Washington pushed ob at AZ 34 for 7 yards (E.Culp).
2026,HALL OF FAME,Thursday,August 6th,CAR,AZ,4th Quarter,1,Carolina Panthers,1,8,0,1 Yard Run,1st & 10 at AZ 34,01:36 3rd,— A.Tyus right end to AZ 33 for 1 yard (K.Sharar; B.Ojulari).
2026,HALL OF FAME,Thursday,August 6th,CAR,AZ,4th Quarter,1,Carolina Panthers,1,9,0,0 Yard Run,2nd & 9 at AZ 33,00:55 3rd Shotgun,— A.Tyus up the middle to AZ 33 for no gain (D.Williams; I.Oliver).
2026,HALL OF FAME,Thursday,August 6th,CAR,AZ,4th Quarter,1,Carolina Panthers,1,10,0,7 Yard Pass,3rd & 9 at AZ 33,00:13 3rd Shotgun,— H.King pass short right to C.Washington to AZ 26 for 7 yards (E.Culp).
2026,HALL OF FAME,Thursday,August 6th,CAR,AZ,4th Quarter,1,Carolina Panthers,1,11,0,21 Yard Pass,4th & 2 at AZ 26,15:00 4th Shotgun,— H.King pass short right to C.Prieskorn pushed ob at AZ 5 for 21 yards (W.Williams; Q.Newsome).
2026,HALL OF FAME,Thursday,August 6th,CAR,AZ,4th Quarter,1,Carolina Panthers,1,12,1,Touchdown,1st & 5 at AZ 5,14:25 4th,"— H.King pass short left to A.Tyus for 5 yards, TOUCHDOWN."
2026,HALL OF FAME,Thursday,August 6th,CAR,AZ,4th Quarter,1,Carolina Panthers,1,13,1,Extra Point,,14:20 4th,"— R.Fitzgerald extra point is GOOD, Center-J.Jansen, Holder-S.Martin."
2026,HALL OF FAME,Thursday,August 6th,CAR,AZ,4th Quarter,2,Arizona Cardinals,1,1,0,Kickoff from CAR 35,,Kickoff,— R.Fitzgerald kicks 55 yards from CAR 35 to AZ 10. H.Wallace to AZ 30 for 20 yards (A.Tyus).
2026,HALL OF FAME,Thursday,August 6th,CAR,AZ,4th Quarter,2,Arizona Cardinals,1,2,0,4 Yard Run,1st & 10 at AZ 30,14:14 4th,— E.Hull up the middle to AZ 34 for 4 yards (J.Kuwatch).
2026,HALL OF FAME,Thursday,August 6th,CAR,AZ,4th Quarter,2,Arizona Cardinals,1,3,0,27 Yard Pass,2nd & 6 at AZ 34,13:42 4th,— K.Slovis pass deep left to H.Wallace to CAR 39 for 27 yards (D.Richardson).
2026,HALL OF FAME,Thursday,August 6th,CAR,AZ,4th Quarter,2,Arizona Cardinals,1,4,0,9 Yard Run,1st & 10 at CAR 39,13:07 4th,"— E.Hull up the middle to CAR 30 for 9 yards (C.Miller, I.Simmons)."
2026,HALL OF FAME,Thursday,August 6th,CAR,AZ,4th Quarter,2,Arizona Cardinals,1,5,0,5 Yard Run,2nd & 1 at CAR 30,12:26 4th,— E.Hull left guard to CAR 25 for 5 yards (J.Kuwatch; E.Garcia).
2026,HALL OF FAME,Thursday,August 6th,CAR,AZ,4th Quarter,2,Arizona Cardinals,1,6,0,0 Yard Run,1st & 10 at CAR 25,11:47 4th,— E.Hull left tackle to CAR 25 for no gain (T.Incoom).
2026,HALL OF FAME,Thursday,August 6th,CAR,AZ,4th Quarter,2,Arizona Cardinals,1,7,0,8 Yard Pass,2nd & 10 at CAR 25,11:11 4th Shotgun,— K.Slovis pass short middle to R.Fairweather to CAR 17 for 8 yards (D.Smith).
2026,HALL OF FAME,Thursday,August 6th,CAR,AZ,4th Quarter,2,Arizona Cardinals,1,8,0,Pass Incomplete,3rd & 2 at CAR 17,10:28 4th,— K.Slovis pass incomplete short right to X.Weaver.
2026,HALL OF FAME,Thursday,August 6th,CAR,AZ,4th Quarter,2,Arizona Cardinals,1,9,1,Field Goal,4th & 2 at CAR 17,10:23 4th,"— C.Ryland 35 yard field goal is GOOD, Center-C.Kreiter, Holder-B.Gillikin."
2026,HALL OF FAME,Thursday,August 6th,CAR,AZ,4th Quarter,3,Carolina Panthers,1,1,0,Kickoff from AZ 35,,Kickoff,— C.Ryland kicks 61 yards from AZ 35 to CAR 4. J.Reed to CAR 30 for 26 yards (R.Virgil).
2026,HALL OF FAME,Thursday,August 6th,CAR,AZ,4th Quarter,3,Carolina Panthers,1,2,0,5 Yard Run,1st & 10 at CAR 30,10:13 4th,— M.Davis right tackle to CAR 35 for 5 yards (C.Horsley; A.Keys).
2026,HALL OF FAME,Thursday,August 6th,CAR,AZ,4th Quarter,3,Carolina Panthers,1,3,0,4 Yard Run,2nd & 5 at CAR 35,09:42 4th,— M.Davis left guard to CAR 39 for 4 yards (C.Robertson; C.Horsley).
2026,HALL OF FAME,Thursday,August 6th,CAR,AZ,4th Quarter,3,Carolina Panthers,1,4,0,36 Yard Run,3rd & 1 at CAR 39,09:07 4th,— M.Davis right guard to AZ 25 for 36 yards (E.Jones).
2026,HALL OF FAME,Thursday,August 6th,CAR,AZ,4th Quarter,3,Carolina Panthers,1,5,0,5 Yard Pass,1st & 10 at AZ 25,08:24 4th,— H.King pass short right to M.Davis to AZ 20 for 5 yards (E.Culp).
2026,HALL OF FAME,Thursday,August 6th,CAR,AZ,4th Quarter,3,Carolina Panthers,1,6,0,1 Yard Run,2nd & 5 at AZ 20,07:42 4th Shotgun,— A.Tyus left tackle to AZ 19 for 1 yard (K.Sharar; D.Williams).
2026,HALL OF FAME,Thursday,August 6th,CAR,AZ,4th Quarter,3,Carolina Panthers,1,7,0,Pass Incomplete,3rd & 4 at AZ 19,07:00 4th Shotgun,— H.King pass incomplete short left to Ji.Horn.
2026,HALL OF FAME,Thursday,August 6th,CAR,AZ,4th Quarter,3,Carolina Panthers,1,8,1,Field Goal,4th & 4 at AZ 19,06:57 4th,"— R.Fitzgerald 37 yard field goal is GOOD, Center-J.Jansen, Holder-S.Martin."
2026,HALL OF FAME,Thursday,August 6th,CAR,AZ,4th Quarter,4,Arizona Cardinals,1,1,0,Kickoff from CAR 35,,Kickoff,— R.Fitzgerald kicks 56 yards from CAR 35 to AZ 9. H.Wallace to AZ 38 for 29 yards (C.Washington).
2026,HALL OF FAME,Thursday,August 6th,CAR,AZ,4th Quarter,4,Arizona Cardinals,1,2,0,17 Yard Pass,1st & 10 at AZ 38,06:48 4th,"— K.Slovis pass deep middle to R.Virgil to CAR 45 for 17 yards (T.Funderburk). Carolina challenged the pass completion ruling, and the play was Upheld. The ruling on the field stands. (Timeout #1.)"
2026,HALL OF FAME,Thursday,August 6th,CAR,AZ,4th Quarter,4,Arizona Cardinals,1,3,0,13 Yard Run,1st & 10 at CAR 45,06:14 4th,— C.Kiner right tackle to CAR 32 for 13 yards (T.Funderburk).
2026,HALL OF FAME,Thursday,August 6th,CAR,AZ,4th Quarter,4,Arizona Cardinals,1,4,0,1 Yard Run,1st & 10 at CAR 32,05:39 4th,— C.Kiner left tackle to CAR 31 for 1 yard (P.Petersen).
2026,HALL OF FAME,Thursday,August 6th,CAR,AZ,4th Quarter,4,Arizona Cardinals,1,5,0,1 Yard Pass,2nd & 9 at CAR 31,"05:16 4th No Huddle, Shotgun",— K.Slovis pass short middle to C.Kiner to CAR 30 for 1 yard (M.Njongmeta).
2026,HALL OF FAME,Thursday,August 6th,CAR,AZ,4th Quarter,4,Arizona Cardinals,1,6,0,16 Yard Pass,3rd & 8 at CAR 30,04:34 4th Shotgun,— K.Slovis pass short right to R.Virgil to CAR 14 for 16 yards (M.Mwansa).
2026,HALL OF FAME,Thursday,August 6th,CAR,AZ,4th Quarter,4,Arizona Cardinals,1,7,0,2 Yard Run,1st & 10 at CAR 14,04:01 4th,— C.Kiner up the middle to CAR 12 for 2 yards (K.Barrs; C.Gill).
2026,HALL OF FAME,Thursday,August 6th,CAR,AZ,4th Quarter,4,Arizona Cardinals,1,8,0,7 Yard Pass,2nd & 8 at CAR 12,03:27 4th,— K.Slovis pass short right to H.Wallace pushed ob at CAR 5 for 7 yards (D.Smith).
2026,HALL OF FAME,Thursday,August 6th,CAR,AZ,4th Quarter,4,Arizona Cardinals,1,9,0,2 Yard Run,3rd & 1 at CAR 5,03:21 4th,— E.Hull up the middle to CAR 3 for 2 yards (C.Gill).
2026,HALL OF FAME,Thursday,August 6th,CAR,AZ,4th Quarter,4,Arizona Cardinals,1,10,0,Timeout,,02:38 4th,— Timeout #1 by AZ at 02:38.
2026,HALL OF FAME,Thursday,August 6th,CAR,AZ,4th Quarter,4,Arizona Cardinals,1,11,0,2 Yard Run,1st & 3 at CAR 3,02:38 4th,— C.Kiner up the middle to CAR 1 for 2 yards (M.Mwansa; D.Smith).
2026,HALL OF FAME,Thursday,August 6th,CAR,AZ,4th Quarter,4,Arizona Cardinals,1,12,1,Touchdown,2nd & 1 at CAR 1,02:00 4th,"— K.Slovis pass incomplete short right to B.Green. The Replay Official reviewed the incomplete pass ruling, and the play was REVERSED. K.Slovis pass short right to B.Green for 1 yard, TOUCHDOWN."
2026,HALL OF FAME,Thursday,August 6th,CAR,AZ,4th Quarter,4,Arizona Cardinals,1,13,1,Extra Point,,01:55 4th,"— C.Ryland extra point is GOOD, Center-C.Kreiter, Holder-B.Gillikin."
2026,HALL OF FAME,Thursday,August 6th,CAR,AZ,4th Quarter,5,Carolina Panthers,1,1,0,Kickoff from AZ 35,,Kickoff,"— C.Ryland kicks 65 yards from AZ 35 to end zone, Touchback to the CAR 35."
2026,HALL OF FAME,Thursday,August 6th,CAR,AZ,4th Quarter,5,Carolina Panthers,1,2,0,Pass Incomplete,1st & 10 at CAR 35,01:55 4th Shotgun,— H.King pass incomplete short right to E.Cooks.
2026,HALL OF FAME,Thursday,August 6th,CAR,AZ,4th Quarter,5,Carolina Panthers,1,3,0,Pass Incomplete,2nd & 10 at CAR 35,01:50 4th Shotgun,— H.King pass incomplete deep right to C.Washington.
2026,HALL OF FAME,Thursday,August 6th,CAR,AZ,4th Quarter,5,Carolina Panthers,1,4,0,10 Yard Pass,3rd & 10 at CAR 35,01:45 4th Shotgun,— H.King pass short right to C.Washington to CAR 45 for 10 yards (I.Oliver).
2026,HALL OF FAME,Thursday,August 6th,CAR,AZ,4th Quarter,5,Carolina Panthers,1,5,0,8 Yard Pass,1st & 10 at CAR 45,"01:25 4th No Huddle, Shotgun",— H.King pass short right to M.Davis to AZ 47 for 8 yards (A.Keys).
2026,HALL OF FAME,Thursday,August 6th,CAR,AZ,4th Quarter,5,Carolina Panthers,1,6,0,8 Yard Run,2nd & 2 at AZ 47,"00:57 4th No Huddle, Shotgun",— M.Davis up the middle to AZ 39 for 8 yards (A.Keys).
2026,HALL OF FAME,Thursday,August 6th,CAR,AZ,4th Quarter,5,Carolina Panthers,1,7,0,Timeout,,00:52 4th,— Timeout #2 by CAR at 00:52.
2026,HALL OF FAME,Thursday,August 6th,CAR,AZ,4th Quarter,5,Carolina Panthers,1,8,0,-4 Yard Pass,1st & 10 at AZ 39,00:52 4th Shotgun,— H.King pass short left to M.Davis to AZ 43 for -4 yards (A.Keys).
2026,HALL OF FAME,Thursday,August 6th,CAR,AZ,4th Quarter,5,Carolina Panthers,1,9,0,Timeout,,00:44 4th,— Timeout #3 by CAR at 00:44.
2026,HALL OF FAME,Thursday,August 6th,CAR,AZ,4th Quarter,5,Carolina Panthers,1,10,0,Pass Incomplete,2nd & 14 at AZ 43,00:44 4th Shotgun,— H.King pass incomplete deep left to C.Washington.
2026,HALL OF FAME,Thursday,August 6th,CAR,AZ,4th Quarter,5,Carolina Panthers,1,11,0,26 Yard Run,3rd & 14 at AZ 43,00:39 4th Shotgun,— H.King scrambles left end pushed ob at AZ 17 for 26 yards (A.Keys).
2026,HALL OF FAME,Thursday,August 6th,CAR,AZ,4th Quarter,5,Carolina Panthers,1,12,0,Pass Incomplete,1st & 10 at AZ 17,00:28 4th Shotgun,— H.King pass incomplete deep left to Ji.Horn.
2026,HALL OF FAME,Thursday,August 6th,CAR,AZ,4th Quarter,5,Carolina Panthers,1,13,0,12 Yard Pass,2nd & 10 at AZ 17,00:23 4th Shotgun,— H.King pass short right to Ji.Horn to AZ 5 for 12 yards (W.Williams).
2026,HALL OF FAME,Thursday,August 6th,CAR,AZ,4th Quarter,5,Carolina Panthers,1,14,0,Pass Incomplete,1st & 5 at AZ 5,00:07 4th No Huddle,— H.King spiked the ball to stop the clock.
2026,HALL OF FAME,Thursday,August 6th,CAR,AZ,4th Quarter,5,Carolina Panthers,1,15,0,Pass Incomplete,2nd & 5 at AZ 5,00:06 4th Shotgun,— H.King pass incomplete short right to E.Cooks.
2026,HALL OF FAME,Thursday,August 6th,CAR,AZ,4th Quarter,5,Carolina Panthers,1,16,1,Touchdown,3rd & 5 at AZ 5,00:02 4th Shotgun,"— H.King scrambles up the middle for 5 yards, TOUCHDOWN."
